{
  "mean": [
    0.008940051482701813,
    0.01708264415156507,
    0.020060372734761123,
    0.05124775741350906,
    0.03164460852553542,
    21.721052100494234,
    0.5396284719934101,
    0.6550812162273476,
    0.21830683649093904,
    0.006070183278418451,
    4.3464759060955525e-05,
    0.002944779654036244,
    0.003231381795716639,
    0.033738323723229,
    0.30801853377265237,
    0.027293305189456343
  ],
  "scale": [
    0.009418843407669871,
    0.013252259212208795,
    0.016624514860973123,
    0.03975682329115242,
    0.05939150242765933,
    4.306740199473571,
    0.10165514522447743,
    0.07129998918210867,
    0.09038925637354926,
    0.005539783815584383,
    3.549249401620782e-05,
    0.003100330712690812,
    0.0036796883101918886,
    0.02553876576635692,
    0.22720198918679535,
    0.01998395058085106
  ],
  "feature_names": [
    "Jitter:DDP",
    "Shimmer:APQ3",
    "Shimmer:APQ5",
    "Shimmer:DDA",
    "NHR",
    "HNR",
    "RPDE",
    "DFA",
    "PPE",
    "Jitter(%)",
    "Jitter(Abs)",
    "Jitter:RAP",
    "Jitter:PPQ5",
    "Shimmer",
    "Shimmer(dB)",
    "Shimmer:APQ11"
  ]
}