{
  "model_type": "xgboost",
  "best_params": {
    "n_estimators": 279,
    "max_depth": 10,
    "learning_rate": 0.11549912057811672,
    "subsample": 0.7970693771229763,
    "colsample_bytree": 0.9968689883981365,
    "min_child_weight": 3,
    "gamma": 0.30319549387338723
  },
  "test_accuracy": 0.7438220757825371,
  "test_precision": 0.7346625766871165,
  "test_recall": 0.7763371150729336,
  "test_f1": 0.7549251379038613,
  "test_roc_auc": 0.8244708143635521,
  "feature_names": [
    "Jitter:DDP",
    "Shimmer:APQ3",
    "Shimmer:APQ5",
    "Shimmer:DDA",
    "NHR",
    "HNR",
    "RPDE",
    "DFA",
    "PPE",
    "Jitter(%)",
    "Jitter(Abs)",
    "Jitter:RAP",
    "Jitter:PPQ5",
    "Shimmer",
    "Shimmer(dB)",
    "Shimmer:APQ11"
  ],
  "training_samples": 4856,
  "test_samples": 1214,
  "trained_at": "2025-11-30T10:29:06.363726",
  "all_model_results": {
    "xgboost": {
      "accuracy": 0.7438220757825371,
      "precision": 0.7346625766871165,
      "recall": 0.7763371150729336,
      "f1": 0.7549251379038613,
      "roc_auc": 0.8244708143635521
    },
    "random_forest": {
      "accuracy": 0.7372322899505767,
      "precision": 0.7217261904761905,
      "recall": 0.7860615883306321,
      "f1": 0.752521334367727,
      "roc_auc": 0.8066290393078303
    },
    "svm": {
      "accuracy": 0.7380560131795717,
      "precision": 0.733229329173167,
      "recall": 0.7617504051863857,
      "f1": 0.7472178060413355,
      "roc_auc": 0.8141707999750236
    }
  }
}